"group","F2O7_S29_L004","F2R23_S11_L004","F1O10_S21_L004","F2R33_S16_L004","F1O8_S19_L004","F2O15_S33_L004","F1O9_S20_L004","F2R24_S12_L004","F1R11_S9_L004","F1O11_S22_L004","F2R26_S13_L004","F2R35_S17_L004","F2O1_S26_L004","F204_S27_L004","F1R5_S6_L004","F2O9_S30_L004","F2R22_S10_L004","F1O12_S23_L004","F2O14_S32_L004","F1R3_S4_L004","F1R9_S8_L004","F1O13_S24_L004","F1O14_S25_L004","F1R1_S3_L004","F2O12_S31_L004","F2R30_S15_L004","F2R28_S14_L004","F1O3_S18_L004","F1R7_S7_L004","F2O5_S28_L004","F1R4_S5_L004"
"ANT3-DPRIME",15.6572986761666,104.899843306653,530.464663042363,454.235948566739,647.388947017978,105.588386748731,771.676679696723,366.986982054125,369.739011973901,133.746355685131,433.451847271603,408.400323575509,110.40575815146,290.154937102336,339.961980020874,17.9057528280201,343.200628284903,712.521597723346,175.146736440139,283.407848981619,266.897147796024,588.07883491759,565.664754302819,335.423334941027,404.163871705051,317.342926088122,562.305399138788,377.596176540005,1509.92263706694,242.949145014435,867.846117311802
"ERMA",0,0,5.38516770950867,0,6.81695678366467,0,5.82417294120734,0.266929489548684,0.591525059152506,8.5381091211995,0,0,0,0,0,0,0.302060049537848,2.8966358369753,0,0.420344682639765,0,4.31673497863434,8.48091793464704,0,0,0.201090356600232,0,6.57894736842105,0,0,15.9997625267157
"MSRC",0,2.7950705120061,83.2905939070674,0,103.142141475633,0,93.1605320460687,4.16820664449099,0,174.094127446897,0,0,0,0,0,0,4.18856602025816,83.2401666836061,0,1.39478008330467,0,144.283596407081,113.681716138688,0,0,2.16730717669139,0,102.253953268822,25.0348373456345,0,97.9280455948706
"CARB",3.85568310096612,0,3.12852600266694,0,1.96582009575446,2.23143130379343,4.74853739801139,0,0,3.12369845897543,0,0,0.787729947639127,0.947107678857642,0,0,0,1.88027238540502,2.36899794922566,0,0,4.01151129327636,4.8328760289349,0,4.47193858537676,0,0,4.66131696955393,563.211763009947,48.8563180102154,319.995250534315
"ERMB",0.894283913151838,14.6105958582137,220.997025335932,3.57175426330668,102.825073718254,23.1235134008484,267.911955295537,1.25251529711305,114.899261489926,280.143690129113,15.2595896914957,11.4136205065979,3.45983349551303,108.383117198504,39.5482331892053,67.751497187103,0.644394772347409,41.3151743063319,54.8582137048299,158.469945355191,279.775280898876,54.8966599808145,228.641805936643,52.7908098390845,4.79491192765397,5.63052998480651,10.3676714143756,169.666037290536,67.0318581519389,1.77659338218965,152.071954405129
"CML",0,0,0,0,9.67056660008244,0,0,0,0,0,0,0,0,0,0,0,0,0,0,0,0,0,0,0,0,0,0,0,91.5861803853731,0,0
"CTX",373.150958056619,268.242070046161,11.9755872397169,1015.10776058607,74.7011636386696,560.604202937643,87.5987092373482,339.226315141062,60.4251810425181,19.9396084964598,430.426429344345,871.454573032004,362.865483527177,93.666520957793,72.2193230952736,8.52942955659065,380.63593709096,77.9296676491513,183.632699243335,73.2355076617372,0,131.769425307404,14.9975056123722,30.02367694129,593.649847208765,1248.57002413084,639.218284200066,36.0219494925655,87.1173898419105,47.0797246280258,1.45452386606507
"CMY",726.158537479292,2.11747766061068,0,60.3246496641031,0,296.314460165273,0,601.248408689582,62.7733562773356,0,90.7404544751894,105.604428939785,541.448496362541,0,0,0,544.533719970197,599.247891045838,382.381019729864,243.112079177653,0,0,0,359.714122857017,0,3.26213245151488,68.2345147399801,0,0,0,0
"ACRB",33.4696749791089,45.9492652352518,20.6431428864499,32.5713590904946,42.6139065918387,47.8654275275251,16.4493533069234,50.3059422610981,41.2633541263354,0,59.6691915288298,32.0794782344911,30.9068161808999,28.5589392393997,39.9209780826003,23.0476075252556,49.3767494311202,59.9908527289359,30.4787497348137,39.9900645802285,30.7692307692308,62.134821662161,10.6011474183088,26.8777129828561,43.4026483814067,42.3183483778711,77.5753560781716,26.2567854614114,11.7245687376868,0,0
"ERMF",0,0,135.860088214176,0,87.8594755699293,27.5863760084353,102.395256709605,0,1.34437513443751,161.026655560183,0,0,0,67.026081888387,64.1493961532727,2.11723428709697,0,40.0193109055798,46.6374372392334,2.40742863693683,20.5704407951599,64.8818348303828,158.767772511848,2.45538650414347,0,0,0,121.784281331131,75.0084090144635,0,3.65115174542864
"OXA",0.263887056339887,2.11747766061068,54.774848702431,0,37.4139953708107,0.735636693558275,29.4094498517722,0,0,9.94377342773844,0.220833425347261,0,0.401587816443477,0,0,0,0,1.88027238540502,0,0.191065764836257,28.2627484874676,54.4170227609662,4.739336492891,0,0,0.98310841004558,0,45.9346235544017,0.624669645860362,0,5.22441225362147
"TEM",1029.71661462228,1139.62647694067,283.105959585598,935.617229534607,329.116332160183,763.885142590913,28.5699294278144,1192.9900209437,1216.5519466552,0.312369845897543,962.281650950688,1168.72693260529,743.925984276292,15.2022924862791,746.067541374683,2.0567418788942,1121.5892386073,267.583087712166,1007.76112014709,1210.66911230846,6.74157303370787,38.458184355106,9.88401097530556,716.523435787258,689.026359593551,765.014746626151,650.877774097383,22.5100306820864,151.554466387968,242.06084832334,0.237473284255521
"ACT",0,0,0,0,0,0,0.131175066243408,0.164264301260729,0,0,0,0,0,0,0,0,0.100686683179283,0,0,0,0,0,0.0935395360439012,0,0,0,0,0,0,0,0
"TET33",0,0,122.448456251923,0.243183268991093,115.539490789182,0,149.434635464491,0,85.3050835305084,45.5539358600583,5.54291897621624,0,3.86142131195651,9.49536160085483,0.820038765468913,12.2799588651624,0,1.93109055798353,0.441977229333145,0,40.8815903197926,177.683788261969,130.20703417311,49.6558074275442,3.42848624878885,0.424524086156046,2.51738986419344,89.155062544253,23.8816010763539,0,33.0384706720494
"cme",1.94983213851138,89.2728581713463,22.0022566417068,0,10.5583563207457,5.90961477158481,19.2302647112837,0,0,24.3127863390254,0,0,2.70299491836955,1.79707610860168,0,3.44806726755792,0,10.5447708100417,2.03309525493247,0,0,58.8645678904683,28.7166375654777,0,3.72661548781397,9.62999374385557,0,13.6299268350248,0,30.2020874972241,0
"MEXB",0,0,0,0,3.13897079805955,0,0,0,0,0,0,0,0,0,0,0,0,0,0,0,0,0,0,0.953654579734292,0,0,0,0,0,0,0
"VANXA",0,0,0,0,0.285360981641777,0,0.288585145735499,0,0,0,0,0,0,0,0,0,0,0,0,0,0,0,0,0,0,0,0,0.32452206750059,0,0,0
"ANT2-DPRIME",4.76462740613684,0,37.9526105241563,11.5664042313889,55.4868575414566,3.06515288982614,10.9400005247003,0,5.66430056643006,33.0070803831737,0,13.638202133576,0,111.005876924571,0,180.932792934487,0,10.7226344140665,3.907078707305,0,69.2307692307692,17.6593703671405,17.2112746320778,2.85000219230938,5.36632630245211,0,0,33.4552749586972,0,5.77392849211637,46.4853953930183
"TETK",0,0,0,0,0,0,0,0,0,0,0,0,0,0,0,0,0,0,0,0,0,0,0,0,0,0,0,0,0,0,98.4326763239136
"MSRA",0,0,0,0,0,0,0,0,0,0,0,0,0,0,0,0,0,0,0,0,0,0,0,0,0,0,0,0,0,0,74.8040845404892
"APH6",86.9214642799548,240.926608224283,153.015693917325,104.371219260115,176.860395066426,114.195336063363,154.996458273211,127.222701326434,107.245285724529,220.79341940858,126.515469381446,92.5982102229638,90.5271612375083,133.275049783865,109.512449679439,233.319218438086,123.462010914436,150.752108954162,97.4294604341984,116.473690244182,37.942955920484,256.169878782594,205.568720379147,65.1444731880563,139.22635462473,131.647153454285,188.373633653528,146.064432381402,175.676325020422,581.16811014879,183.121586321539
"TETH",79.3273812141737,0,244.871268848087,0.486366537982187,229.588763118678,109.340133885878,40.7954456017,10.4718492053714,25.2025525202553,410.089546022491,3.22416801007,0,63.296418145591,168.925154208558,0,7.01711935152139,11.2970458527155,0,151.828017820522,16.5271886583362,19.9654278305964,240.036626842243,263.937390870541,24.5977112290086,20.4715410797247,11.6185539369023,5.59788009274594,103.817559594052,531.689971649608,0,330.087865115175
"MSR",0,0.677592851395418,0.435942147912606,0.72954980697328,0,0,0,0,1.03965010396501,0,0,0,0,0,0,0,0,0,0,0,0,1.00287782331909,1.49663257670242,0.186346297189459,0,0,0,0.590040122728345,139.061073470761,0,85.9356447399667
"MPHE",0,0.46584508533435,0,0.151989543119433,0,0,0.31482015898418,0,0.376425037642504,0,0,0,0,0,0,0,0,0,0,0,0,0,0,0,0,0,0,0,160.972562587093,0,99.4122536214676
"TETA",149.404055064432,362.173379070851,260.64211714022,174.043225826063,383.398332223596,219.808244035212,243.880683159745,227.382859020163,202.050620205062,53.2069970845481,224.543426893095,143.978462005157,159.739276833017,186.240225363058,202.065006709408,208.759300707761,222.255784449949,274.97713182234,188.211583339226,205.89246818755,333.102852203976,459.841283683614,77.8872536792218,120.456438812645,182.90228814191,261.082312985968,322.987744286187,259.234127920699,153.188217769449,943.593160115479,65.5426264545239
"FLOR",267.185644544135,576.377419218227,460.406195507231,301.562452503268,561.463584768065,400.995561658616,474.696329721647,352.244261015975,331.594608159461,937.31778425656,391.714329880971,251.377723848526,283.443769982855,486.32765068726,296.108543312957,791.785130966064,345.174087275217,494.282955584917,339.632982108762,333.810997745424,71.3915298184961,792.404290572949,566.25717136443,229.458061121586,288.166753621028,384.663508803289,529.778072209341,446.748878923767,1106.0496852626,571.840994892294,678.283068154832
"HLYD",3.37189016434299,0,20.5918555749308,0,19.4996670788547,10.0291802555111,29.1470997192854,0,0,36.9637650978759,0,0,3.64518171848694,3.25416484530575,0,4.05299134958563,0,17.7355422299014,3.00544515946538,0,0,34.2722595273393,27.1888251434273,0,6.53399915530049,0,0,22.0084965777673,0,55.2964690206529,0
"sme",21.8439841081351,0,144.168632680275,0,128.951456926345,55.589612809887,214.681113413962,0,0,269.262807163682,0,0,27.9257989280694,18.650735829812,0,30.0042344685742,0,121.480841548938,19.429319001485,0,0,214.572250806663,192.691444250437,0,35.2040943082159,0,0,138.039886712296,0,332.000888296691,0
"VANRB",0,0,0,0,0,0,0.839520423957814,0,0,0,0,0,0,0,0,0,0,0,0,0,0,0,0,0,0,0,0,0,0,0,0
"VANSB",0,0,0,0,0,0,1.78398090091035,0,0,0,0,0,0,0,0,0,0,0,0,0,0,0,0,0,0,0,0,0,0,0,0
"MDFA",32.1209189133717,64.1172235632914,39.5168735254898,33.9088670699456,54.1551729604616,51.5436109953164,27.9140540965973,46.4251981438134,40.0982290098229,12.1824239900042,51.4100214208423,28.6920471206836,33.0846578008433,39.7299528874642,40.2750857313255,28.4919242635049,44.8659860246884,57.627807704035,34.7570893147585,41.5376972754022,34.0535868625756,85.811458969216,14.9663257670242,24.7621344324111,50.3341531887407,47.8371614978997,75.9854256376284,44.3710172291716,16.8180289270098,33.5332000888297,1.30610306340537
"SULIII",0,0,0,0,0.190240654427851,0,0,0,0,0,0,0,0,0,0,0,0,0,0,0,0,0,0,0,0,0,0,0,6.29474796982365,0,0
"PBP2B",0,0,2.59000923171607,0,4.37553505184058,0,4.0139570270483,0,17.6382017638202,4.94585589337776,0,0,0,0,0,0,0,1.85486329911576,0,0,0,3.70628760791837,4.39635819406336,39.8123383171833,0,0,0,3.00920462591456,0,0,5.84777962479221
"MEXE",0,0,0,0,0,0,0,0,0,0,0,0,0,0,0,0,7.85356128798405,0,0,0.267492070770759,0,0,0,0,0,0,0,0,0,0,0
"TET39",0,0,0,0,0,0,0,0,0,0,0,0,0,0,0,0,0,0,0,0,0,0,0,0,0,0,0,0.590040122728345,0,0,0
"EMRD",0,9.48629991953585,0,4.16451348147247,10.241288563366,0,0,22.6274074986654,4.89352548935255,3.17576009995835,0,3.46326912381819,0,0,0,0,20.7011820616605,10.4177253785954,4.20762322325154,4.62379150903741,0,11.1624662073777,3.02444499875281,0,6.70790787806514,0,0,8.29006372433325,0,0,0
"BMR",0,0,0,0,0,0.220691008067482,0,0,0,0,0,0,0,0,0,0,0,0,0.406619050986493,0,0,0,0,0,0.844699510571166,0,0,0,0,0,0
"MYRA",0,0,0,0,0,0,9.78565994175827,0,8.46060084606009,0,0,0,0,0,0,0,0,0,3.27063149706527,0,0,3.40106392256039,7.01546520329259,4.65865742973648,7.42838687237584,0,0,5.48737314137361,0,0,0
"ADEB",0,0,0,0,0,0,1.15434058294199,0,0,0,1.39125057968774,0,0,0,0,0,0,0,0,1.83423134242806,0,0,3.21152407084061,0.73442364186434,0,0,1.58993044054323,0,0,0,0
"VANZF",0,0,0,0,0,0,0,0,0,0,0,0,0,0,0,0,0,0,0,0,0,0.218016918112846,0,0,0,0,0,0.354024073637007,0,0,0
"MSBA",1.71526586620926,0,20.0020514924608,0,23.6215479247915,1.56935827959099,33.7644620510533,0,0,50.1874219075385,0,0,1.29743756081739,0,0,0,0,20.5305417217197,1.50272257973269,0,0,34.6646899799424,44.1506610127214,0,1.26704926585675,0,0,31.3606325230116,4.08437845370237,26.2047523872974,4.92757064830207
"BLA1",0,0,8.1546825315417,0,10.8437173023875,0,13.6422068893145,0,0,16.4514785506039,0,0,0,0,0,0,0,9.02022563268625,0,0,0,14.7379436644284,16.7435769518583,0,0.149064619512559,0,0,12.6268586263866,0,0,0
"APH2-DPRIME",0,72.3753864396731,50.0051287311519,4.6660789737666,20.51428390247,63.9758711164513,93.13429703282,0,57.2703807270381,74.8125780924615,5.38833557847316,0.821578441781688,16.6195573266608,35.3829714896304,2.08737140301178,38.231201984151,0,0.381136294338856,48.6174952266459,11.1964538194046,23.1633535004322,0,66.8807682713894,18.218090936993,55.1539092196467,0.98310841004558,2.55051341503809,68.8871843285343,8.16875690740474,94.6035976015989,34.6414153407742
"MPHB",0,0,8.12903887578213,0,0,0,0,0,0,0,0,0,0,0,0,0,0,0,0,0,0,0,0,0,0,0,0,6.60844937455747,76.9785209744847,0,6.26335787223937
"TETB",111.668206007829,45.8645661288273,111.396040619551,85.9044897711038,100.986080725451,59.4394448395086,24.7658525067555,128.331485359944,134.688463468846,285.818408996252,91.0496212706755,72.5643359118257,108.119796734782,187.964447034824,134.952288653645,216.623313774121,123.884894983789,195.116373615205,98.9145039247578,147.865795406779,0,159.762797593093,25.4739336492891,84.4916034550796,27.204293061042,20.8463669675574,104.438555813183,41.6568326646212,27.3893613954159,2.22074172773706,0
"VANB",0,0,0,0,0,0,1.54786578167222,0,0,0,0,0,0,0,0,0,0,0,0,0,0,0,0,0,0,0,0,0,0,0,0
"VANXB",0,0,0.256436557595651,0,0,0,1.5741007949209,0,0,0,0,0,0,0,0,0,0,0,0,0,0,0,0.187079072087802,0,0,0,0,0,0,0,0
"AAC3",25.2598554485347,6.47948164146868,38.3372653605498,23.1936042800255,48.4796601033641,37.8362472720139,40.0083952042396,54.0840211900949,26.6186276618628,33.0070803831737,16.5404235585098,33.6215177713737,24.2960628948303,34.5087182476079,1.54689130758909,16.5144274393564,50.7662256589943,2.7187722329505,36.2774909836645,15.5336466811877,17.286084701815,66.8003837097759,48.9835370416563,16.5190511685009,49.1416362326402,3.99946375904907,19.6753892017224,42.5418928487137,27.3413098841959,17.3217854763491,50.077178817383
"ACI",0,16.6433744124,36.5934967688994,0,39.7602967754209,0,36.8864286276465,0,4.24822542482254,68.981674302374,1.83291743038226,0,0,0,10.7350529297749,0,0,0,0,0,10.1987899740709,42.3388854975146,46.8944874033425,0.23019248476345,0,0,1.35806558463067,41.6273306584848,0,0,0.593683210638803
"VANWA",0,0,0.948815263103908,0,1.01461682361521,0,2.07256604664585,0,0,3.01957517700958,0,0,0,0,0,0,0,0.990954365281024,0,0,0,2.04935903026075,2.71264654527314,0,0,0,0,1.32759027613878,0,0,0
"APH3-PRIME",73.7124510709416,188.709609113624,175.838547543338,70.021582515123,200.069754906624,86.1675780387926,164.388593016239,111.514927518377,115.544561554456,119.273219491878,94.8258728441137,64.3611911623439,79.4680506000649,146.485987663315,96.4291039212763,260.419817312927,109.043677883163,142.95151946336,97.2880277208118,99.4306240207879,251.512532411409,300.906950379349,216.138687952108,70.1867847590652,109.289210205958,76.5483957458218,118.184829413713,170.285579419401,70.0110518475806,457.916944259383,205.562811683686
"MECA",0,0,6.00061544773823,0,15.0290116998002,0,17.0002885851457,0,0,6.82007496876302,0,0,0,0,0,0,0,6.40308974489277,0,0,0,12.0345338798291,23.5719630830631,0,0,0,0,14.9870191173,0,0,0
"ANT4-PRIME",0,23.8427984584763,21.0790850343625,6.10997963340122,16.3606962807952,0,33.790697064302,0,24.4138524413852,24.1045397750937,0,0.985894130138025,0,0,0,0,0,0,0,0.13374603538538,19.8789974070873,1.00287782331909,1.15365427787478,10.6546235804797,0.79501130406698,0.446867459111628,0,14.3379749822988,8.69732353082505,0,40.7563524103538
"AAC6-PRIME",0,1.5669334688519,24.3614729715868,0.303979086238867,30.8506927930499,0,25.6053729307133,3.10048868629625,0,51.5410245730945,0,0,0,0,0.428656627404205,0,2.57757908938964,24.519768269133,0,2.19725629561695,1.64217804667243,41.8592482776663,31.8034422549264,0.580961985355373,0,0.692644561623023,0,30.9181024309653,8.21680841862477,0,53.8767513654714
"ANT6",21.2135872513231,171.21924363698,133.064929736383,42.3138888044503,136.783030533625,62.4555552830975,127.921924600572,25.707363147304,82.7776582777658,246.407746772178,103.129209637171,35.5301076899742,35.509630384752,65.0104424692797,61.6520053675265,114.693605952453,22.9162890916047,90.4309381034658,55.9719963227494,73.7131720738278,172.687986171132,156.448940437778,163.725367922175,27.469636515105,65.9859382375593,48.4404325677004,145.379264657171,152.023837620958,105.569170150401,263.379968909616,171.782236998338
"ANT9",0.307868232396534,0,16.8222381782747,0,9.16325818827483,0.563988131728011,5.66676286171525,0,13.7126263712626,8.48604748021658,12.3445884769119,0,0,0.89853805430084,2.01282242433279,2.78265077732745,0,1.04177253785954,0.689484477759706,9.76346058313271,2.50648228176318,10.726432371152,14.9039660763283,0.50423115710089,1.01860823333582,1.18419876664581,11.4607485922491,14.1314609393439,27.4374129066359,0,31.8511042507718
"CATA",0.102622744132178,0.46584508533435,49.9794850753923,0,16.0119217476775,16.4782619357054,0,0,0,5.93502707205331,0.927500386458494,0,16.8512426053782,89.5381028704648,1.32324437155211,139.132538866372,0.161098693086852,87.6359386116475,25.0512693586026,0.477664412090642,0,1.52611842678992,3.39860314292841,33.0929100714693,45.1417356090532,30.6104209491465,1.32494203378602,3.56974274250649,79.6694056028062,54.4081723295581,0.118736642127761
"NPMA",0,0,12.5653913221869,0,0,0,9.05107957079518,0,0,0,0,0,0,0,0,0,0,0,0,0,0,0,2.08904963831379,0,0,0,0,3.45173471796082,0,0,0
"AAC2-PRIME",0,1.82103078812519,0,0,0,0,0,0,0,0,0,0,0,0,0,0,0,2.08354507571908,0,0,0,0,0,0,0,0,0,0,0,0,0
"VANRC",0,0,0,0,0,0,0,0,0,0,0,0,0,0,0,0,0,0,0,0,0,0,0,0,0,0,0,0,0.576618134640334,0,0.267157444787461
"TETC",0,0,117.730023592163,0,24.0020292336472,0,191.541831728625,0,0.914175091417509,0,0,0,0,0,136.871924854629,18.2687072772367,0,0,0,5.7319729450877,0,0.915671056073951,244.387627837366,0,0,0,0,66.9105499173944,0,0,0
"SULII",249.857061177816,580.4429763266,454.738947584368,363.75657354774,697.041757823647,102.79296731321,521.814413516279,468.338055931995,432.817093281709,375.989171178676,310.248879270366,280.954547752667,253.726271566038,319.175287775026,319.237363948114,326.235557437542,445.76008377132,550.513263543043,177.179831695071,363.273338683175,75.0216076058773,832.868230574692,662.696433025692,225.073442364186,312.141313259298,480.449548663866,484.067572043723,560.597120604201,1214.40584306376,244.281590051077,732.2488720019
"APH6-PRIME",0,34.4725363147419,19.6686839675864,0,5.70721963283554,24.594786787965,25.6578429572107,0,17.1183767118377,40.8683881715952,5.34416889340371,0.113757015015926,11.0282192669478,1.99135460682889,2.4042045623975,14.3971931522594,0,0.609818070942169,17.9442755109257,9.82078031258359,4.75367329299914,0.436033836225691,28.6542778747817,5.22865786819836,23.8254950187573,0.759674680489767,3.87545544882411,28.1744158602785,0,75.2831445702865,0.653051531702683
"SAT",12.0655026315404,95.4135433871173,58.4162478202893,38.1949721859136,76.7303972859,52.0830779039258,52.0765012986332,39.5055644532052,35.3660285366029,106.986672219908,59.8237749265729,32.7114616512463,39.062137991752,41.6484530574579,32.8015506187565,85.5967576069203,38.6435490042087,44.8724463868279,43.8618202390213,36.8565860369139,113.483146067416,79.2273480422081,63.5757046645049,18.437321874863,47.9988074830439,29.4038788095451,83.2394832726068,65.9074817087562,76.3057998174042,286.031534532534,79.1379719781524
"DFRF",6.83174268079928,35.8277220175327,20.3610626730947,5.33483296349211,26.1580899838295,18.8568205782104,22.9294015793478,5.7492505441255,12.5116512511651,39.9833402748855,18.9695912373297,5.20754335406239,9.11295429621735,11.2924377094565,7.9953779633219,13.2478373964068,4.71213677279043,14.4069519260087,13.5245032175942,14.7311704688754,33.4485738980121,23.676637307055,24.5697181341981,4.23115710089008,19.8255943951703,5.80927696845116,27.293805895992,25.0472032098183,3.94022392004229,45.7472795913835,16.8902873426739
"APH3-DPRIME",174.312061104514,419.260576800915,331.777618217253,183.588169133964,370.683915152668,181.113753954047,340.373061888396,242.782637263357,226.3389976339,438.411078717201,252.015105006294,151.031396936144,178.320436186151,302.10306474331,220.851349336514,556.590647873692,236.533156124771,285.318629942067,184.976310020508,238.660246856968,98.7899740708729,564.009767157931,409.391369418808,140.614723549787,252.440933144518,231.589060684601,376.051672739318,315.641963653528,250.396424967565,718.632023095714,390.999762526716
"BACA",41.826098429872,102.443569220345,55.3390091291414,55.7041675532723,79.4254732236279,81.9008852161546,42.0284912243881,84.2470535090961,63.7413063741306,15.045814244065,93.7658724024468,46.1727084281308,54.8012912592867,74.2629559473505,62.2297599522886,33.9362410017543,82.8852775931855,99.146254700681,57.4923979916555,74.8022469333945,39.4122731201383,131.638615156536,19.5497630331754,45.6438812645241,81.5631909766217,70.6944320314595,140.112620072872,65.8779797026198,22.2959012060929,66.8443260048856,1.21705058180955
"BLAA",0,0,0,0,0,0,0,0,0,0,0,0,0,0,0,0,0,0,0,0,0,0,0.592417061611374,0,0,0,0,0,0,0,0
"SRT",0,0,0,0,0,0,0,0,0,0,0,0,0,0,0,0,0,0,0,6.05678474530934,2.59291270527226,0,0,1.42500109615469,0,0,0,0,0,0,0
"CFX",0,70.8084529708212,67.6736075494923,0,0.760962617711405,22.9273436158996,0.262350132486817,0,0,63.0987088713036,26.6766777819491,0,0,34.751566370392,0.764127031459669,39.5015425564092,0,0,61.2403648964005,0,9.59377700950735,3.79349437516351,54.0970316787229,0,0,0,32.1629678701557,78.7998583903705,0,0,2.79031109000237
"AMPH",31.9303338171263,85.6731461483081,46.7227407939276,33.8480712526978,66.0135070864644,53.137490498026,41.6087310124092,71.5165701613897,40.3312540331254,24.4689712619742,49.3121038800433,28.1738207189443,33.5789197287738,48.618194181359,40.312360220665,55.89498517936,69.8966954630581,61.388352474845,37.6387808500106,41.9962551110092,57.0440795159896,91.785122525508,25.2244948865054,24.1263647125882,54.5576507415965,48.730896416123,73.4017886717456,59.9185744630635,29.0231127768968,63.7352875860537,1.69199715032059
"SHV",0,1.18578748994198,0,0,5.35844509971781,0,0,69.0526056424788,0,0,0,0,0,0,0,0,51.2293844016191,6.27604431344649,0,0,0,0,0,0,0,0,0,2.44866650932263,0,0,0
"PBP4B",34.9357141809972,90.4586456612883,51.236024207611,37.0702495668298,67.3134848917214,59.7091782938133,40.0608652307369,50.9219333908258,43.9341793934179,20.8246563931695,55.0758562816068,31.2578997927094,37.7801461161825,53.0865996405848,44.7666616967348,48.5754037868248,49.9607321935601,63.0145339973575,41.510501378969,46.5245137376285,68.1071737251513,99.9389552629284,25.3492142678972,27.1517516551936,60.1475739733174,53.8922155688623,81.8482941371315,58.5319801746519,31.2334822930181,63.9573617588274,2.25599620042745
"BLAEC",31.0507102959933,72.5024350993097,43.0813416760693,32.3281758215035,56.6600082437617,52.2056840195189,28.5436944145657,44.1254979261632,38.5566788556679,15.6184922948771,48.1637700682375,27.3269629404924,32.8993095778694,45.7525863325077,39.865066348591,41.0138527614784,43.4160977869067,54.5787173493241,37.1437663531575,41.1173525927624,59.80985306828,83.1516525682393,20.6098777750062,23.6769412899548,51.9241757968746,46.5635892394316,71.6131169261345,49.4748642907718,30.2244005573975,38.4188318898512,2.19662787936357
"BLAZ",0,0,0.512873115191302,0,1.23656425378103,0,0.996930503449904,0,0,0.728862973760933,0,0,0,0,0,0,0,0.558999898363655,0,0,0,2.3981860992413,1.40309304065852,0,0,0,0,2.77318857682322,0,0,0
"CEPA",31.7837298969374,226.358361919282,2.17971073956303,27.4341125330577,19.4045467516408,50.1459012775557,68.2635044730698,102.131329308858,0.663225066322507,48.7296959600167,77.8879491199788,20.8428130845847,57.705080085878,108.650250133566,39.4550469658566,216.986268223338,106.023077387785,83.2401666836061,62.6546920302666,82.4066643738775,0,6.10447370715968,104.203043152906,2.24711711316701,0.298129239025117,48.99901689159,112.885061278569,2.41916450318622,0,0,0
"OMPD",0,0,0,0,0,0,0,0,0,0,0,0,0,0,0,0,0,0,0,0,0,2.92142670271213,0,0,0,0,0,0,0,0,0
"MECI",0,0,0.384654836393476,0,0.158533878689876,0,0.682110344465724,0,0,0,0,0,0,0,0,0,0,0,0,0,0,0.348827068980553,0.935395360439012,0,0,0,0,0.708048147274015,0,0,0
"OXY",0,0,0,0,0,0,0,0,0,0,0,0,0,0,0,0,0.241648039630279,0,0,0,0,0,0,0,0,0,0,0,0,0,0
"PBP2",53.4224685168081,138.059543471816,83.0598010052313,55.8257591877679,105.868924189099,88.6442215737721,63.7510821942965,75.3562482033592,65.9998565999857,34.3606830487297,81.81878409116,46.6656554931999,56.2531856725824,82.6412161833989,67.9327568212315,106.345653620471,73.6825147505991,93.0480739912593,63.8391910048794,69.8727502006191,104.926534140017,153.26589343333,45.6784734347718,40.3604156618582,89.6623686368041,81.6426847796943,122.325273269294,93.1968373849422,58.8631012445341,114.812347324006,5.28378057468535
"ROB",0,0,70.1097548466509,0,62.8111227369289,0,0,0.492792903782186,0,1.14535610162432,0,0,0,54.1794161931128,0,75.131570987841,0.543708089168127,0,0,0,0,64.053370541554,0.592417061611374,0,0,0,0,3.4222327118244,5.71812983518332,0,0
"L1",0,0,1.97456149348651,0,1.39509813247091,1.0789338172188,3.90901697405357,0,0,3.64431486880467,0,0,0,0,0,0,0,1.44831791848765,0,0,0,3.13944362082498,3.05562484410077,0,1.01860823333582,0,0,2.15364644795846,0,6.21807683766378,0
"MECC",0,0,0,0,0,0,1.78398090091036,0,0,0,0,0,0,0,0,0,0,0,0,0,0,0,2.7438263906211,0,0,0,0,1.88812839273071,0,0,0
"EMEA",0,0,0,0,0,0,0,0.657057205042914,6.79357567935757,0,0,0,0,0,0,0,0.684669445619122,0,0,1.87244449539531,0,0,0,0,0,0,0,0,0.961030224400557,0,29.743528853004
"ABEM",0,0,0,0,0,0,0,0,0,0,0.441666850694521,0,0,0,0,0,0,0,0,0.592303870992396,0,0,2.21376901970566,0.306923313017933,0,0,0.960582974494866,0.472032098182676,0,0,0
"ERMX",0,0,90.5990357985434,0,46.6723738862995,2.05978274196317,68.1323294068264,0,32.3008532300853,8.01749271137026,0,0,0.200793908221738,1.67565204720968,0.596391829431937,4.59742302341056,0,0,2.49275157343894,0,10.7173725151253,36.5832388593355,38.2888500873036,16.4423203402464,2.40987801545303,0,0,73.8730233655889,5.18956321176301,0,13.0610306340537
"TETZ",0,3.00681827806717,23.822956200636,0.212785360367207,14.9338913725863,9.66136190873201,52.3913214576173,0,37.7679787767979,58.777592669721,3.99708499878542,0,9.69989033563474,3.52129778036816,0,21.5957897283891,0,0.609818070942169,19.0403790396719,0.955328824181283,4.14866032843561,25.0719455829772,39.72312297331,21.5942473801903,42.955454522869,0,4.86916197416363,30.1805522775549,3.98827543126231,19.7646013768599,6.17430539064355
"VANXYC",0,0,0,0,0,0,0,0,0,0,0,0,0,0,0,0,0,0,0,0,0,0,0,0,0,0,0,0,0.576618134640334,0,0
"CAT",0,0.592893744970991,11.4883577802852,0.09119372587166,3.77310631281905,1.71648561830264,15.9771230684472,0,0,11.3494377342774,0.684583618576508,0.17695535669144,2.44041826915651,18.8692991403176,1.13687192485463,24.7413949549332,0,20.8100416709015,3.60653419135846,0.171959188352631,7.26015557476232,9.33112409522979,10.1958094287852,6.62077432367256,8.2979304861991,5.67521673071767,0.463729711825108,9.17512390842577,12.8297534957474,0,1.39515554500119
"ERM",0,0,0.153861934557391,0,0.602428739021529,0,0,0,3.49537534953754,8.01749271137026,0,0,0,0,0,0,0,0,0,0,0,0,0,0.350769500591924,0,0,0,0.413028085909842,2.35452404978137,0,6.02588458798385
"DFRA",0,5.12429593867785,5.69289157862345,8.05544578532997,23.7800818034814,4.95328706995905,2.25621113938663,8.00788468646052,20.0580770058077,1.50978758850479,10.798754499481,8.83512816623692,3.81508425621303,2.35562679100491,20.2027732220069,0.967878531244329,6.40367305020238,18.2437239556866,6.62965843999717,19.6988803546181,0,3.61908084067324,0.717136443003243,15.883281448678,3.67692728130978,0.178746983644651,11.2951308380258,2.74368657068681,45.4086781029263,17.9880079946702,26.77511279981
"YKKC",0,0,0,0,0,0,0,0,0,0,0,0,0,0,0,0,0,0,0.0530372675199774,0,0,0,0,0,0.223596929268838,0,0,0,0,0,0
"YKKD",0,0,0,0,0,0.122606115593046,0.0524700264973634,0,0,0,0,0,0,0,0,0,0,0,0.106074535039955,0,0,0,0,0,0.248441032520931,0,0,0,0,0,0
"TMRB",0,0,0,0,0,0.171648561830264,0,0,0,0,0,0,0.108119796734782,0,0,0,0,0,0.141432713386606,0,0,0,0,0,0,0,0,0,0,0,0
"MPHC",0,0,0,0,0,0,0,0,0,0,0,0,0,0,0,0,0,0,0,0,0,0,0,0,0,0,0,0,0,0,65.0083115649489
"LNUA",0.190585096245474,0,36.5165658016207,0.0607958172477734,36.1774311170297,0,29.3832148385235,0,29.8989029898903,61.9012911286964,0,0,0,0,0.521842850752945,0,0,20.6829962394552,0,7.298712216745,23.4226447709594,51.2775791401413,42.1863307557994,8.79116060858508,0.0993764130083725,0,0,38.7656360632523,87.5498534428908,0,54.7375920208976
"CFRA",0,0,0,0,0,0,0,0,0,0,0,0,0,0,0,0,0,0,0,0,0,0,0,0,0,0,0,0,2.73893613954159,0,12.1408216575635
"BAES",37.706528272566,104.433998221319,66.0324135808801,41.8123233121561,83.6424743967786,67.0165027831588,57.5596190676076,56.4247874830602,49.2220549222055,35.2457309454394,60.7512753130314,34.771727589868,41.7033501691303,61.2948661906844,51.1219621291188,50.0272215836913,55.3575384119696,69.8749872954568,47.8219362138463,52.3711261416179,88.2454624027658,117.554722246446,39.1930656023946,30.1223308633314,68.0479988074831,60.9303780498704,91.1560119244783,74.6400755251357,44.9762145019461,93.2711525649567,3.38399430064118
"EMRA",33.4256938030523,84.4026595519417,53.5439532259719,34.7904064200383,68.7085830241923,55.8103038179544,42.6843665556051,47.0822553488563,41.0482541048254,28.7380258225739,50.5929377470574,28.9195611507154,35.2161623650433,51.0709602214775,42.5674668257045,61.3393019176093,46.1346382327473,57.729444049192,40.2729651368361,43.7349535710191,75.7130509939499,95.1425830644458,32.8947368421053,25.112903933003,56.7439318277807,50.9428903387255,75.8860549850944,60.803634647156,35.0776031906203,89.7179658005774,3.20588933744954
"MDTE",32.3115040096172,86.8165840850379,53.8773207508462,33.6960817095784,67.9476204064809,53.7259998528727,50.7909856494478,45.1316167713852,39.7576539757654,43.054977092878,49.5550206479253,28.1106223772688,33.9341704894738,51.8966438389431,41.0578500074549,70.5341479644305,44.221591252341,56.1286716129688,38.5404143978502,42.3401734877145,91.4433880726016,94.5757390773524,39.2554252930905,24.4113649318192,54.4085861220839,49.0660470104567,73.6667770785028,61.3641727637479,46.0333477487867,100.377526093715,4.15578247447162
"CRP",17.3872249343947,41.5872612543938,24.0793927582316,17.965163996717,31.2628808776435,28.3710551482308,16.5280583466695,24.249517473615,21.4024521402452,10.932944606414,26.6104277543449,15.1423226654533,17.9015492022304,26.2275972606732,21.8614879976144,27.94749258968,23.7016452204032,30.2368126842159,19.8182589632982,22.4693339447438,31.8928262748487,46.045173105433,12.9084559740584,13.1428947253036,28.0738366748652,25.9629993743856,39.6820139118914,27.3188576823224,14.5596078996684,26.2047523872974,1.27641890287343
"MDTP",0.51311372066089,0,0,0.531963400918017,0,0,0,1.17038314648269,0.555675055567506,0,3.99708499878542,2.74280802871733,0.509707613178259,0,11.6669151632623,0,2.01373366358565,1.16881796930582,0.5480517643731,2.96151935496198,0,0,0,1.76480904985312,0.993764130083725,0,1.78867174561113,0.708048147274015,0,0,0
"MDTO",4.2954948615326,0,0,5.03085387725325,0,0,0,6.07777914664696,5.19825051982505,0,11.6379215158006,6.21871682087062,0,3.52129778036816,18.6931564037573,0,6.22243702047967,7.44486228275231,0,7.64263059345027,4.23509075194468,0,0,5.30538869645284,5.44085861220839,0,11.1295130838026,4.2777908897805,0,0,0
"MDTN",27.7521220917447,71.9942404607631,44.337880808288,29.4859713651701,56.4697675893338,47.0807483877296,41.4250859196684,40.1010225452753,34.7924284792429,23.0633069554352,43.2833513680631,24.8622276151474,30.0418578070216,42.4741366749235,36.0817056806322,52.5074103200048,39.3886304597354,49.7001727817868,32.9538222190793,36.5890939661431,66.8971477960242,79.0093311240952,27.9683212771265,21.5613627395098,46.8062905269434,43.2791134149611,64.0278237827095,48.855322161907,27.533515929076,82.8336664445925,2.40441700308715
"pmrA",0.410490976528712,0,0,0.151989543119433,0,0.171648561830264,0,0.554392016754959,0.197175019717502,0,1.36916723715302,0.442388391728601,0,0,4.43566423140003,0,0.704806782254979,0,0.141432713386606,1.06996828308304,0,0,0,0.77826982943833,0.273285135773024,0,0.62934746604836,0.295020061364173,0,0,0
"PMRC",1.14351057747284,0,0,0.714350852661337,0,0,0,0.759722393330869,0,0,6.07291919704967,2.33833864199403,0,0,14.6675115550917,0,2.03387100022151,0,0,2.46474836638771,1.81503889369058,0,0,2.3019248476345,0.869543613823259,0,1.52368333885393,0,0,0,0
"ADEK",0,0,0,0,0,0,0,0,0,0,0,0,0,0,0.391382138064709,0,0,0,0,0,0,0,1.43427288600649,0.295961766124435,0,0,0,0,0,0,0
"LNUC",0.0733019600944129,5.03959683225342,21.2329469689199,0.121591634495547,26.2532103110435,0.318775900541919,22.667051446861,0.451726828467003,9.01627590162759,42.4822990420658,1.74458406024336,0,12.7581360147043,16.7079508475399,9.07633815416729,24.257455689311,0.261785376266135,0.762272588677711,0.194469980906584,1.70048530704268,26.7070008643042,34.7955001308101,25.9416313295086,6.65365896435305,16.3971081463815,0.49155420502279,1.68930109307718,24.6636771300448,2.49867858344145,0,11.1909285205414
"TETD",15.8039025963554,7.66526913141066,15.4118371114986,10.3048910234976,11.541266368623,9.95561658615532,4.43371723902721,17.0834873311158,17.4948017494802,31.0287380258226,12.0795883664952,10.6552404064917,15.0595431166304,25.4990528923211,18.1713135530043,33.8757485935515,16.4522040314948,28.763085679439,14.4438158546072,20.0236921548397,0.691443388072602,32.179297113456,3.99102020453978,12.5728942868418,4.64584730814141,3.10572884082581,13.5144087446174,4.9563370309181,4.94930565566287,0,0
"EMRR",13.9127120259196,34.4725363147419,19.3353164427121,14.6213940480895,23.9703224579093,23.2461195164415,11.6483458824147,19.6706500759722,17.2976267297627,6.14327363598501,21.5533423138926,12.1972799433743,14.7197380411782,20.1806790033513,17.6867451915909,22.0797289940113,19.372117843694,24.316495578819,16.2117247719397,18.2658871183461,26.2748487467589,37.7605302171448,9.44749314043402,10.5121234708642,23.2540806439592,20.9357404593797,32.0635972176217,22.3330186452679,11.2921051367065,19.9866755496336,1.21705058180955
"ADEC",0,2.37157497988396,85.5472356139091,0.440769675046357,104.315292177938,0,88.6218747540468,4.1476736068334,0,173.625572678051,0,0,0,0,0,0,3.18169918846533,84.2311210488871,0,0.917115671214032,0,145.155664079533,105.356697430781,0,0,1.76512646349093,0,98.8317205569979,24.5062707222142,0,74.3588221325101
"TCR3",0,0,0,0,0,0,0,0,0,0,0,0,0,0,0,0,0,0,0,0,0,0,0,0,0,0,0,2.50767052159547,0,0,0
"EMRY",40.081511779625,79.4477618261127,42.6710431839163,43.727391555461,42.0431846285551,69.1253279713592,16.8428785056536,59.5252761693565,52.0542052054205,6.09121199500208,66.4046110019213,37.3754992668992,42.166720726565,56.9235999805722,51.3828835544953,24.8018873631359,58.7808856400652,75.9223498323,43.8794993281946,53.0016431655776,47.6231633535004,78.7913142059824,17.02419555999,32.3913710702854,66.0853146505677,60.5058539637144,98.7081815170586,52.4840689166863,22.392004228533,29.9800133244504,1.81073379244835
"EMRK",28.2065942443301,67.4204887138441,39.1322186890963,30.8690762075569,34.465265227179,48.2577670974228,11.1498806306897,41.6204673319371,36.3519036351904,5.88296543107039,45.3371022237926,25.6838060569291,29.7329441020651,43.7855165379572,36.3985388400179,20.6279111971448,40.7982440242454,51.8599451163736,32.777031327346,37.6590622492262,33.362143474503,53.937385541118,15.6522823646795,22.3067479282676,48.7938187871109,44.4409688086514,67.5057966213978,38.9131460939344,24.3140646773341,25.5385298689762,1.30610306340537
"MEFB",0,0,0,0,0,0,0.341055172232862,0,0,0,0,0,0,0,0.223646936036976,0,0,0,0,0,0,0,0,0,0,0,0,0,0,0,0
"TOLC",41.3862866693055,103.375259391013,63.2372551030875,43.2258260631669,78.7279241573924,69.076285525122,45.7276280924522,58.8682189643136,51.4089051408905,27.0720533111204,64.1079433783097,36.4148844734314,43.4950496578781,63.7476322308029,52.9297748620844,65.0898312261811,57.7538814716366,72.7970322187214,49.6252033095255,54.5683824372349,79.343128781331,116.59544780675,32.5829383886256,31.6240627877406,69.1411393505751,63.0976852265618,95.4951970851275,71.129336794902,40.6515784921436,88.3855207639351,2.93873189266208
"CBLA",0,0,0,0,0,0,0,0,0,0,0,0,0,0,2.8328611898017,0,0,0,0,0,0,0,0,0,0,0,0,0,0,0,0
"ROBA",0,0,0,0,0,0,0,0,0,0,0,0,0,0,0,0,0.845768138705975,0,0,0,0,0,0,0,0,0,0,0,0,0,0
"SPD",0,0,0,0,0,0,0,0,0,0,0,0,0,0,0,0,0,0,0,0,0,7.0637481468562,0,0,0,0,0,0,0,0,36.184991688435
"ADEN",0,0,0,0,0,0,0,0,0,0,0,0,0,0,0,0,0,0,0,0,0,0,0,0.0767308282544833,0,0,0,0,0,0,0
"QNRS",0,22.1488163299877,0,14.6061950937775,0,0,0,55.4186686378383,0,0,0,10.7942767581779,0,0,0,0,60.1904992045752,0,0,0,0,0,0,0,0,4.28992760747162,0,0,0,0,0
"FOSA",0,0.423495532122136,0,0,0.539015187545578,0,0.288585145735499,5.17432548971295,0.125475012547501,0,0,0,0,0,0,0,5.21557018868685,0.508181725785141,0,0,0,0,0,0,0.273285135773024,0,0,0.32452206750059,0,0,0
"BCRB",0,0,0,0,0,0,0,0,0,0,0,0,0,0,0,0,0,0,0.300544515946538,0,0,0,0,0,0.447193858537676,0,0,0,0,0,0
"BCRA",0,0,0,0,0,0.245212231186092,0,0,0,0,0,0,0,0,0,0,0,0,0.441977229333145,0,0,0,0,0,0.621102581302328,0,0,0,0,0,0
"MEXG",0,0,0,0,0,0,0,0,0,0,0,0,0,0,0,0,0,0,0,0,0,0,0,0,0,0,0,0.383526079773425,0,0,0
"HNS",9.04546187565055,22.1488163299877,8.48805005641604,10.0161108915707,13.6022067915914,15.5464554571982,4.45995225227589,13.5518048540101,12.1710762171076,2.70720533111204,15.5908398295166,8.51913645785935,9.76167307662605,12.1666909514789,11.9464738333085,11.6750347831347,13.4316035361163,16.4396788291493,10.5720953256488,12.1708892200695,10.8038029386344,16.3512688584634,4.52107757545523,7.21269785592143,14.0120742341805,13.4060237733488,22.656508777741,10.9747462827472,4.94930565566287,8.66089273817455,0.860840655426265
"EVGA",14.8949582911847,27.6966078007877,16.6427325879577,15.822111438733,14.109515203399,23.9572349868811,3.83031193430753,21.2516939756068,19.0901269090127,2.44689712619742,23.5629264845527,13.5244451185601,15.3684568215869,18.7964447034824,18.860891605785,14.6391627850705,21.0435167844701,26.5016769996951,16.1940456827664,19.0683633306584,16.8539325842697,18.4006278887242,5.36293339985034,11.652124347788,22.8814190951778,20.9804272052909,34.1503809208347,16.757139485485,8.50511748594493,9.99333777481679,0.920208976490145
"CPXA",41.826098429872,77.6267310379876,42.4146066263206,45.323281758215,66.5842290497479,57.5758318824943,30.1440302227353,66.6707732741982,53.004230300423,12.1824239900042,61.0383587659828,38.5130694170585,44.4526821432433,48.8853271164214,51.3269718204861,51.418546972355,64.6609879377354,67.2324423213741,45.6650873347005,56.7656387328518,34.3128781331029,90.1281939478503,18.1778498378648,33.5861796816767,61.5139996521826,65.0192153007418,89.4667108314011,41.3323105971206,6.29474796982365,37.5305351987564,1.75136547138447
"SAV1866",0,0,4.61585803672171,0,7.35597197121025,0,9.07731458404387,0,0,8.06955435235319,0,0,0,0,0,0,0,3.98922654741336,0,0,0,6.40969739251766,12.5031179845348,0,0,0,0,8.40807174887892,0,0,0
"MDTG",33.4403541950712,78.4313725490196,47.4151194994358,35.3527677295802,63.8574463362821,55.3934430249381,36.5453734554136,47.7598455915568,41.9086541908654,20.4081632653061,52.6466886027869,29.6779412508216,35.1234882535564,47.4525231919957,43.1638586551364,35.8719980642429,47.020681044725,59.3810346579937,39.2298988756099,44.2317245595934,54.7968885047537,94.6629458445975,23.7278623098029,25.8034813872934,55.5265707684281,51.1663240682813,78.3371977475985,54.0476752419165,26.5244341934554,41.7499444814568,2.28568036095939
"MARA",9.45595285217927,21.8947190107144,10.2831059595856,9.98571298294677,13.9509813247091,15.5709766803168,5.37817771597975,13.5928709293253,11.8305011830501,2.1865889212828,15.4141730892388,8.49385712118914,9.71533602088257,12.6281023847686,12.132846280006,10.6466638436876,13.4517408727522,17.1257241589592,10.9963934658086,12.5912339027093,10.1123595505618,18.0954042033662,4.02220004988775,7.41000570000439,15.0306824675163,14.1210117079274,22.5902616760517,12.2138305404768,6.39085099226371,6.66222518321119,0.534314889574923
"MDTK",36.7682631833575,83.7250667005463,44.6968919889219,39.2285010791258,68.2012746123847,60.3222088717785,38.906524647795,52.5440433657755,46.0314046031405,16.2432319866722,58.3221076342115,33.0400930279589,38.6451044900607,48.8367574918646,47.413150439839,39.5015425564092,51.5717191244286,65.5554426262832,41.8464040732621,48.4733845389583,51.0803802938634,99.5465248103253,20.1110002494388,28.4232910948393,59.0792775334774,56.1265528644204,86.9493209672077,53.1331130516875,22.8725193407333,32.2007550521874,2.31536452149133
"BAER",19.9381331456803,52.5134459831449,28.951687352549,21.0505517220415,41.4407558895336,33.4224271106643,25.631607943962,28.3355919674757,24.8619774861978,14.8375676801333,30.7400128083387,17.5438596491228,21.1605887895217,30.7202875321774,25.7193976442523,37.7472627185288,27.8902112406613,35.089948165464,23.9374867406831,26.2524360885017,42.0916162489196,57.9925002180169,16.9930157146421,15.1927039943877,33.8625127326029,30.8561980516579,46.1411063265982,35.0188812839273,20.614098313392,40.1954252720409,2.28568036095939
"ACRD",88.2848807377109,210.816075890399,126.500153861935,92.2424537191841,169.060528234884,145.557980432064,105.28110816696,123.93741530122,108.571735857174,56.5910037484382,135.437139765475,77.0387785024521,92.1644038737779,127.932391082617,111.786193529149,147.540983606557,121.367727904307,154.23315377579,104.306626122622,115.365508808132,165.254969749352,249.32414755385,63.8251434272886,66.7558205814005,146.803806116618,133.814460630977,202.716131169261,143.556761859806,75.2486665705636,162.558294470353,5.13535977202565
"GADX",17.6364515987158,34.1337398890442,26.592471022669,19.0898866158008,18.5484638067155,35.3350825139158,7.76556392160978,28.0891955155846,24.8440524844052,3.01957517700958,33.4341805975752,17.7460943424845,21.4386111239825,27.733255621934,25.1416430594901,10.4046942108765,28.1117219436557,37.7324931395467,23.0181741036702,27.0740188772976,23.6819360414866,36.6268422429581,8.73035669743078,16.4532818871399,31.0551290651164,22.7455536687818,49.2547201059954,27.3483596884588,11.8206717601269,27.7592715967133,0.860840655426265
"PMRB",0.51311372066089,0.550544191758777,0,0.471167583670244,0,0,0,1.06771795819474,0,0,2.38500099375041,1.39036351686132,0.123565481982608,0,7.24988817653198,0,1.59084959423267,0.558999898363655,0.353581783466516,2.00619053078069,1.3828867761452,0,0,1.10711623624326,0.819855407319073,0.335150594333721,1.25869493209672,0,0,0,0
"EMRE",2.43362507513451,5.84423834328548,0.743666017027387,5.27403714624434,4.53406893053045,1.69196439518403,1.75774588766167,3.86021107962712,5.61052556105256,0.208246563931695,9.76083740034892,4.8157136356742,1.93071065597825,4.24984214872019,3.63426271060086,3.26659004294961,3.56430858454661,8.81695294237219,1.62647620394597,4.29897970881577,0,4.36033836225691,1.15365427787478,2.97057920813785,4.29802986261211,5.58584323889534,12.984431931103,0.413028085909842,0.336360578540195,0,0
"ARLS",0,0,2.30792901836086,0,2.44142173182409,0,5.22076763648766,0,0,3.85256143273636,0,0,0,0,0,0,0,2.18518142087611,0,0,0,3.92430452603122,8.38737839860314,0,0,0,0,4.13028085909842,0,0,0
"CLBA",0,5.50544191758777,0,0,0,0,0,0,0,0,5.10125212552172,0,0,0,0,0,0,0.304909035471084,0,0,0,0.523240603470829,0.904215515091045,0,0,0,1.72242464392183,0.914562190228936,0,0,0
"ADEG",0,0,0,0,0,0,0,0,0,0,1.54583397743082,0,0,0,0,0,0,0,0,1.12728801253391,0,0,2.6502868545772,0,0,0,2.02053660152368,0,0,0,0
"ADEF",0,0,0,0,0,0,0,0,0,0,0,0,0,0,0,0,0,0,0,0.286598647254385,0,0,0.53005737091544,0.219230937869952,0,0,0,0,0,0,0
"ADEH",0,0,0,0,0,0,0.445995225227589,0,0,0,0,0,0,0,0,0,0,0,0,0.611410447476021,0,0,1.21601396857072,0,0,0,0,0,0,0,0
"MEL",17.0646963099793,0,30.131295517489,0,0,0,0,0,0,42.2219908371512,0,0,14.7660750969217,39.0742629559474,0.745489786789921,0,0,0,3.53581783466516,4.85307042684092,0,0,1.87079072087802,0,0,0,0,26.9943356148218,5.95838739128346,0,0
"BRP",0,19.4807944776183,8.48805005641604,5.51722041523543,11.1924918355052,0.0735636693558275,0,0,19.8609019860902,3.54019158683882,0,0.606704080084939,0,0,0,0,0,0,0,0,9.0751944684529,1.7005319612802,0,8.02385232604025,0.571414374798142,0.178746983644651,0,6.78546141137597,6.58305703714382,0,19.6509142721444
"MGRA",0,0,0.846240640065648,0,1.58533878689876,0,2.25621113938663,0,0,2.08246563931695,0,0,0,0,0,0,0,0.914727106413253,0,0,0,1.8313421121479,2.7438263906211,0,0,0,0,1.29808827000236,0,0,0
"MEFA",16.4929410212429,47.982043789438,88.5218996820187,1.32230902513907,49.3991565997654,16.0859223658076,40.716740561954,32.4421994989939,23.5534523553452,110.735110370679,31.7558465649361,1.08701147681885,14.4262700214695,52.673757831852,27.0612792604741,13.4293146210151,32.9648200728972,2.46468137005793,22.5408386959904,15.7629255989912,27.3120138288678,52.5420772651958,66.4442504365178,1.18384706449774,0,13.9199213513272,43.5243458098708,99.0087325938164,7.39993272788429,0,8.60840655426265
"MDTH",32.5167494978816,68.394528437725,36.260129244025,34.608018968295,60.7184755382225,53.3581815060935,36.02067319044,46.6921276333621,40.9765540976554,15.5143690129113,51.189187995495,29.0585975024015,33.7024852107564,41.5755986206227,41.6169673475473,33.1498396951183,45.6110674802151,57.3991259274316,36.7194682129977,43.0853299705759,45.4624027657736,87.8608179994768,17.7101521576453,25.003288464068,51.3030732155723,49.691661453213,76.0516727393177,49.0323341987255,19.7972226226515,31.75660670664,1.51389218712895
"PHOQ",41.0197768688335,101.427179943252,59.3394194276336,42.7242605708727,80.0279019626494,67.0655452293961,44.7306975890023,57.3282411399943,50.279630027963,25.0416493127863,62.7608594836914,35.631225036655,42.6918740249911,60.9305940065083,51.848814671239,66.2391869820338,56.1227572041322,71.2470779550767,48.405346156566,53.288241812832,82.5410544511668,114.022848173018,29.9326515340484,30.8457929583023,67.9237782912226,62.2486370542497,93.9052666445843,70.775312721265,36.3269424823411,64.8456584499223,3.65115174542864
"MDTA",34.8770726129217,83.470969381273,54.0055390296441,36.2647049882968,68.0110339579568,58.0907775679851,48.0887792848335,49.1355591146154,42.7690542769054,21.8138275718451,53.3312722213634,30.3731230092522,36.6526110930911,52.0180679003351,44.1143581332936,51.9629786461799,48.3497452626916,61.0326252667954,42.0055158758221,45.7793572547671,56.5254969749352,102.424348129415,27.0329259166875,26.3734818257553,58.5575513651835,52.1494324783269,79.529645578006,63.2523011564786,26.5724857046754,65.067732622696,2.04820707670387
"MDTB",88.900617202504,221.996357938424,135.706226279618,93.6711554245068,176.63844763626,147.813932958976,123.566912401291,126.298714631843,109.844410984441,76.2703040399833,136.563390234746,77.759239597553,93.9869947330213,132.012239545388,113.538094528105,142.338636501119,123.582834934252,156.824880577294,105.402729651368,116.5692231266,166.119273984443,263.190023545827,73.2726365677226,67.5669750515193,149.188840028819,136.540352131558,204.604173567406,159.104319093698,68.3292489548796,189.429269375972,5.61030634053669
"MDTC",209.335737637624,528.098928556304,320.802133552159,220.156853208499,422.112305399664,349.108653539639,269.64346616995,296.579195926245,258.872875887288,144.471053727614,322.195967581653,183.211992517316,221.429343712834,319.005294089077,265.133442671835,355.634867824088,290.501218308866,368.558796625673,243.264267024963,270.1287783255,395.678478824546,605.999825586466,179.845347967074,158.547814267549,354.003627239075,320.024130842792,481.318317323617,366.444418220439,193.022920570852,463.912946924273,16.5340774162907
"PMRF",4.35413642960813,0,0,4.36209988752774,0,0,0,5.2769906780009,5.00107550010755,0,8.8112536713557,4.68931695232317,0,0,8.9272401968093,0,5.63845425803983,5.92031710539689,0,5.04413619167718,3.71650821089023,0,0,3.79269522515017,4.86944423741025,0,10.4339185160649,0,1.2012877805007,0,0
"ARNA",54.9031681107153,138.525388557151,83.2905939070674,58.3639845578624,104.75918703827,92.5185748265123,61.3112259621691,78.5388690402858,68.7065318706532,32.798833819242,85.7054523772718,48.7006420951514,58.6936039417389,81.8398173782117,70.8774414790517,72.1674429859053,77.0051752955154,97.4438459193007,65.1120854253589,72.6432037907448,112.618841832325,155.184442312723,45.9902718882514,42.3115710089008,93.1653871953492,84.2121726695862,127.691288506128,95.6750059004012,54.2501561674115,116.81101487897,4.2151507955355
"EVGS",82.3327615780446,186.634481006225,110.139501487332,100.054716235523,88.3350772059989,161.374169343567,25.8152530367028,136.565233460638,118.448411844841,14.4210745522699,156.151315063048,85.9497446786996,93.1374820443909,130.336587498179,114.935887878336,71.1995644546609,136.833202440645,176.847240573229,97.9067958418782,117.371699338912,97.5799481417459,134.298421557513,38.6006485407832,75.908712237471,153.064520136146,136.674412369291,231.069890692282,116.208402171348,58.2384315986738,55.7406173662003,4.39325575872714
"EMRB",43.0282505754204,101.215432177191,61.6217047902349,44.7153235857373,82.3107898157836,70.5720801353572,52.0765012986332,60.6956593158392,52.5561052556105,31.1328613077884,66.183777576574,37.6030132969311,45.0241724974128,60.8820243819515,53.9734605635903,54.8061218317101,59.2843190559617,75.9223498323,49.6605614878721,55.8103099086706,79.0838375108038,123.135955350135,32.6764779246695,32.6106020081554,70.8802265782217,65.063902046653,99.1719112288837,68.1791361812603,35.0776031906203,73.5065511880968,3.14652101638566
"ACRS",16.3170163170163,35.7853724643205,20.8995794440455,17.2964100069915,27.2995339103967,27.3411637772492,10.1267151139911,23.4281959673114,20.7213020721302,3.74843815077051,26.3895943289976,14.7884119520704,17.2682761070695,23.9448249065035,20.7246160727598,18.5711693182506,23.0975251213275,29.2204492326456,18.8812672371119,21.4948985440789,26.9662921348315,35.318740734281,9.22923422299825,12.6057789275223,27.1794489577899,24.2425596568058,38.5226896323286,26.1092754307293,12.3972898947672,21.9853431045969,1.09831393968179
"ACRE",32.2675228335606,86.7742345318257,52.0309775361576,33.6048879837067,65.9183867592505,53.9466908609401,44.4421124432668,45.5012114492218,39.9189789918979,29.5189504373178,49.1575204823002,28.1485413822741,34.0731816567042,51.5809412793239,41.2442224541524,58.7381283648902,44.6042006484222,56.2811261307043,38.8763170921434,42.3019603347472,85.2203975799481,94.7501526118427,31.5228236467947,24.3565571973517,54.5576507415965,49.5129144695683,73.6336535276582,59.8005664385178,38.3451059535822,80.168776371308,3.14652101638566
"ACRF",87.8157481931067,230.466268580866,138.732177659247,92.2120558105602,171.184882209328,148.157230082637,108.84906996878,124.902468071126,108.948160894816,64.4523115368597,135.061722942385,76.8239041407553,93.1065906738953,140.633347904221,112.624869539287,144.395378380013,122.555830765823,154.9191991056,105.579520543102,115.613894302419,208.470181503889,257.30356675678,72.9608381142429,66.679089753146,149.014931306055,134.9092859058,202.186154355747,156.242624498466,97.3523617317765,166.333555407506,8.34124910947518
"VANYB",0,0,0.256436557595651,0,0,0,1.04940052994727,0,0.215100021510002,0,0,0,0,0,0,0,0,0,0,0,0,0,0,0,0,0,0,0,0,0,0
"IRI",0,0,0.692378705508257,0,0,0.490424462372183,1.18057559619068,0,0,1.40566430653894,0,0,0,0,0,0,0,0.508181725785141,0,0,0,1.17729135780937,1.62135195809429,0,0,0,0,0,0,0,0
"CEOA",0,0,0.820596984306083,0,0.72925584197343,0,1.52163076842354,0,0,1.30154102457309,0,0,0,0,0,0,0,0,0,0,0,1.22089474143194,1.30955350461462,0,0,0,0,0.796554165683266,0,0,0
"CEOB",0,0,4.51328341368345,0,2.75848948920384,1.81457051077708,7.00474853739801,0,0,7.34069137859225,0,0,1.45189441329565,0,0,0,0,2.46468137005793,0,0,0,6.19168047440481,7.98204040907957,0,1.83846364065489,0,0,4.80882700023602,0,0,0
"APH4",0,5.92893744970991,48.4152220740589,5.04605283156519,42.3602523859349,0.514945685490792,50.8696906891938,0,35.2405535240554,4.89379425239484,6.91208621336926,5.96592345416856,10.9973278964521,0,0.410019382734457,21.7772669529974,0,0,0.477335407679796,0.554090718025144,4.92653414001729,56.7280020929624,49.3888750311798,21.2215547858114,43.0051427293732,0,6.160980457105,25.4012272834553,11.2921051367065,29.3137908061292,59.3386369033484
"ERMC",0,0,0,0,4.75601636069628,0,6.74239840491119,0,0.376425037642504,6.76801332778009,0,0,0,0,0,0,0,0,0,0,5.18582541054451,5.58123310368885,1.02893489648291,0,0,0,0,14.3379749822988,0,0,13.6843980052244
"QNRD",1.53934116198267,0,0,0,0.443894860331653,0.88276403226993,0.708345357714406,0.739189355673278,0,1.04123281965848,0,0,0.725947206647823,0.558550682403225,0,1.20984816405541,1.44988823778167,0.533590812074398,1.13146170709285,0,0,1.56972181041249,1.65253180344225,0,1.59002260813396,0,0,0,0,13.9906728847435,0
"OQXA",0,10.502689196629,0.487229459431737,0.197586406055263,6.08770094169124,0,0.393525198730225,34.6187014906985,1.52362515236252,1.24947938359017,0,0.505586733404116,0,0,0,0,33.4279788155219,9.73168004878545,0.318223605119864,0.382131529672513,0,0.872067672451382,0,0,1.26704926585675,0,0,5.28085909841869,0,0,0
"OQXB",0,29.8987845678228,0,0.623157126789677,20.1655093693522,0,2.12503607314322,116.812451234036,3.92557539255754,2.96751353602666,0,1.60523787855807,0,0,0,0,112.688535814253,25.409086289257,0.848596280319638,3.61114295540525,0,3.22665038807011,2.86854577201297,0,4.19865344960374,0,0,19.7663441113996,0,0,0
"QNRB",0,76.3985939948334,0,35.7783384503146,0,28.9350432799588,0,47.6366473656113,0,0,42.9521012300422,29.8801759441832,15.0749888018782,0,0,5.08136228903273,42.1474455788477,0,0.176790891733258,0,0,0,0,0,0,25.3597283045849,52.7658164955283,0,0,22.8736397956918,0
"NORA",0,0,5.12873115191302,0,4.81942991217223,0,8.6050843455676,0,0,9.8396501457726,0,0,0,0,0,0,0,5.08181725785141,0,0,0,8.11022935379785,12.5966575205787,0,0,0,0,7.52301156478641,0,0,0
"FOSB",0,0,0.692378705508257,0,0.602428739021529,0,0.787050397460451,0,0,0.989171178675552,0,0,0,0,0,0,0,0.355727208049599,0,0,0,1.22089474143194,1.46545273135445,0,0,0,0,0.767052159546849,0,0,0
"VANC",0,0,0,0,0,0,0,0,0,0,0,0,0,0,0,0,0,0,0,0,0,0,0,0,0,0,0,0,0.864927201960502,0,0.356209926383282
"VANHB",0,0,0.538516770950867,0,0,0,3.51549177532335,0,0,0,0,0,0,0,0,0,0,0,0,0,0,0,0,0,0,0,0,0,0,0,0
"VANHA",0,0,0,0,0.443894860331653,0,0.891990450455178,0,0,0,0,0,0,0,0,0,0,0.406545380628113,0,0,0,1.00287782331909,1.06011474183088,0,0,0,0,0,0,0,0
"VANRA",0,0,0,0,0.253654205903802,0,0.419760211978907,0,0,0.728862973760933,0,0,0,0,0,0,0,0,0,0,0,0,0.685956597655276,0,0,0,0,0,0,0,0
"VANSC",0,0,0,0,0,0,0,0,0,0,0,0,0,0,0,0,0,0,0,0,0,0,0,0,0,0,0,0,0.768824179520446,0,0
"VANSA",0,0,0,0,0.760962617711405,0,1.15434058294199,0,0,1.71803415243648,0,0,0,0,0,0,0,0.660636243520683,0,0,0,0,2.837365926665,0,0,0,0,1.38659428841161,0,0,0
"VANTC",0,0,0,0,0,0,0,0,0,0,0,0,0,0,0,0,0,0,0,0,0,0,0,0,0,0,0,0,2.40257556100139,0,0
"VANWB",0,0,0.282080213355216,0,0,0,0.708345357714406,0,0,0,0,0,0,0,0,0,0,0,0,0,0,0,0,0,0,0,0,0,0,0,0
"ERM42",0,0,15.0784695866243,0,1.04632359935318,0,5.8766429677047,0,0,0,0,0,0,0,0,0,0,0,0,2.59849440177309,0.864304235090752,0,55.7183836368172,3.70500285000219,0,0,0,16.403115411848,0,0,0
"ERMD",0,0,0,0,0,0,0,0,0,0,0,0,0,0,0,0,0,0,0.212149070079909,0,0,0,0,0,0,0,0,0,0,0,0
"ERMG",15.0708829954113,0,34.1573494717407,0,3.3292114524874,0,10.1791851404885,0,5.34165053416505,42.0137442732195,0,0,11.5533725653739,37.6171742192433,5.46071268823617,0,0,0,1.6441552931193,3.59203637892162,0,0.348827068980553,13.9685707158892,0,0,0,0,29.9740382346,1.34544231416078,0,1.84041795298029
"ERMR",0,0,1.6155503128526,0,4.94625701512413,0,0,0,0.233025023302502,5.04997917534361,0.971667071527946,0,0.23168527871739,0,0,0,0,0,0,0,1.21002592912705,1.96215226301561,3.14916438014467,1.8525014250011,0,0,0.59622391520371,4.100778852962,0,0,0.682735692234624
"LNUB",0,0,8.74448661401169,0,5.67551285709756,0,4.61736233176798,0,4.21237542123754,11.9741774260725,12.9187553828147,0,0,0,0,0,0,2.03272690314056,0,6.49623600443273,2.0743301642178,6.97654137961106,8.91743576951858,0.679615907396852,0.894387717075352,0,9.40708843988076,5.90040122728345,18.6920378645908,0,34.225837093327
"ERMQ",0,0,0.307723869114781,0,0,0,0,0,0,0,0,0,0,0,0,0,0,0,0,0,0,0,0,0,0,0,0,0,0,0,0
"LNUF",0,0,0,0,3.51945210691525,0,0,0,0,0,0,0,0,0,0,0,0,0,0,0,0,3.22665038807011,1.55899226739835,0,0,1.3182590043793,0,0,43.9671327663255,0,0
"LSA",0,0,0,0,0,0,0.393525198730225,0.431193790809412,8.08417580841758,0,0,0,0,0,0,0,0.422884069352987,0,0,2.02529710726432,0,0,0,0,0,0,0,0,1.29739080294075,0,67.7986226549513
"MPHA",14.2645614343728,115.868377588616,76.2898758847061,31.0514636593002,89.1911601509242,22.4123979304088,48.298659390823,60.0796681861115,55.9618555961856,0.676801332778009,2.80458450191021,33.5962384347035,14.9050862641521,0,54.7748620843894,0,56.8074266497513,26.5270860859843,30.9030478749735,47.5562688677443,119.446845289542,1.7005319612802,3.05562484410077,28.4671372824133,70.3585004099277,71.0519259987488,2.8817489234846,15.2525371725277,16.6738743933497,0,2.73094276893849
"MSRD",33.5283165471845,0,63.2372551030875,0,1.42680490820888,1.37318849464211,1.49539575517486,0,0.483975048397505,80.9037900874636,0,0,27.0608405541912,79.9698868327748,0.689578052780677,0,0,0,6.31143483487731,8.90366464136956,0,0,3.83512097779995,0,0,0,0,57.764928015105,5.28566623420307,0,0
"ERMT",1.58332233803932,0,2.35921632987999,0,7.2925584197343,0,0.131175066243408,0,0,7.08038317367763,0.795000331250138,0,0.849512688630431,0.461411433289621,0,0,0,0,0,0.57319729450877,2.24719101123596,1.91854887939304,3.89748066849588,2.43346341035647,0,0,0.264988406757204,7.70002360160491,0,0,0.504630729042983
"VGA",0,0,0,0,0,0,0,0,0,0,0,0,0,0,0,0,0,0,0,0,0,0,0,0,0,0,0,0.560538116591928,0,0,0
"MDTD",39.0113031622466,94.566552322873,59.1086265257975,41.9187159923397,79.0766986905102,66.1092175277703,48.7184196028019,56.589051784321,49.132429913243,27.2282382340691,61.0825254510523,34.8602052682138,42.0586009298303,56.4379037350041,50.2460116296407,55.108583872724,55.6394611248716,70.2561235897957,46.9733399335266,51.7979288471092,65.4278305963699,116.115810586902,28.3424794213021,30.2209847853729,66.6070408188616,61.2431852712485,91.6197416363034,68.0611281567147,33.7321608764596,72.1741061514546,2.96841605319402
"CPXAR",104.074122942047,216.067420488714,121.756077546415,112.15308386783,180.823742033673,165.469213604375,102.211611616864,158.88464539444,133.899763389976,58.9337775926697,161.672150696729,94.1655290965165,113.046970328839,133.3479042207,128.969733114656,120.621861956324,154.876256066373,180.658603516618,118.078636588643,140.54797661355,145.980985306828,257.521583674893,60.5200798204041,84.0421800324462,164.070457876823,162.793815354366,239.417025505134,134.293131932971,56.3163711498727,125.916055962692,4.45262407979102
"MDTL",31.9156734251074,77.4149832719265,49.3640373371628,33.9544639328814,62.4940549795491,53.8240847453471,36.9913686806412,46.3019999178679,40.2416290241629,19.0545605997501,50.1512708963629,28.6035694423378,34.0577359714564,49.5167322356598,41.3560459221709,48.4544189704192,45.3694194405848,57.5261713588779,38.0807580793438,42.875157629256,53.3275713050994,93.2240341850528,23.5096033923672,24.9594422764941,53.8123276440337,48.7755831620341,74.8261013580656,51.9235308000944,30.8010186920379,76.1714412613813,2.67157444787461
"MEPA",0,0,6.28269566109345,0,7.7998668315419,0,11.3072907101818,0,0,9.37109537692628,0,0,0,0,0,0,0,5.66622624250432,0,0,0,9.24391732798465,17.2112746320778,0,0,0,0,7.75902761387774,0,0,0
"ADEAI",0,0,0,0,0,0,0.47223023847627,0,0,0,0.419583508159795,0,0,0,0,0,0,0,0,0,0,0,1.46545273135445,0.164423203402464,0,0,0,0,0,0,0
"ASMA",52.0004104909765,135.899716257993,72.8536260129244,54.2602668936377,108.881067884207,87.0258208479439,51.0533357819346,120.857459652581,66.1791066179107,26.9679300291545,80.4054501689376,46.5139794731786,55.1256506494911,71.9801835931808,66.3113165349635,92.2509225092251,117.541633943495,101.890436019921,62.2127148009335,69.2422331766594,96.9749351771824,134.865265544606,34.7343477176353,39.3629148945499,88.2710988546869,77.978371614979,120.006624710169,95.3504838329006,38.6334150209024,95.9360426382412,2.76062692947043
"NALD",0,0,0,0,0,0,0,0,0,0,0,0,0,0,0,0,0,0,0,0,0,0,0,0.0986539220414785,0,0,0,0,0,0,0
"NFXB",0,0,0,0,0,0,0,0,0,0,0,0,0,0,0,0,0,0,0,0,0,0,0,0.0548077344674881,0,0.0893734918223255,0,0,0,0,0
"MEPR",0,0,1.97456149348651,0,2.82190304067979,0,3.17443660309048,0,0,2.49895876718034,0,0,0,0,0,0,0,2.03272690314056,0,0,0,2.61620301735415,4.14691943127962,0,0,0,0,2.80269058295964,0,0,0
"ARLR",0,0,0.666735049748692,0,0.856082944925331,0,1.07563554319595,0,0,1.0932944606414,0,0,0,0,0,0,0,0.43195446691737,0,0,0,0.828464288828813,1.90197056622599,0,0,0,0,1.00306820863819,0,0,0
"MEXT",0,0,0,0,0,0,0,0,0,0,0.287083452951439,0,0,0,0.149097957357984,0,0,0,0,0.286598647254385,0,0,0.74831628835121,0.361731047485421,0,0,0,0,0,0,0
"ADER",0,0,0,0,0,0,0,0,0,0,0,0,0,0,0,0,0,0,0,0,0,0,0.155899226739835,0,0,0,0,0,0,0,0
"ADEA",0,0,0,0,0,0,0,0,0,0,0,0,0,0,0,0,0,0,0,0.515877565057893,0,0,0.592417061611374,0,0,0,0.662471016893011,0,0,0,0
"CMXAB",0,6.2253843221954,104.241460662632,7.09791166367754,89.3496940296141,14.5656065324538,110.187055644463,0,70.1584570158457,93.7109537692628,29.01751209063,9.23959755296021,14.5652811886999,5.99834863276507,2.75831221112271,46.2766922751195,0,2.7187722329505,26.3948801357754,1.05086170659941,54.5375972342265,90.2154007150955,94.4437515589923,38.4859911430701,71.4267968497677,53.3336312449727,38.39019542895,101.427897097003,7.83239632886454,22.8736397956918,40.1329850391831
"FEXA",0,0,1.41040106677608,0,0,0,4.27630715953512,6.87856761529301,0,0,0,0,0,0,0,0,5.71900360458326,0,0,0,0,0,0.935395360439012,0,0,5.8763070873179,0,1.44559830068445,33.1555427418192,0,173.622654951318
"CATP",0,0,4.97486921735563,0,0,0,9.07731458404387,0.164264301260729,0.340575034057503,44.8771345272803,0,0,0,0,1.30460712688236,0,0.221510702994422,0,0,10.9480683251175,0,0.697654137961106,0,0.142500109615469,0,0,0,3.95326882227991,0,0,0
"dha",0,0,7.46230382603344,0,6.43647547480897,0,12.1730461473883,0,0,10.7246980424823,0,0,0,0,0,0,0,6.07277162313243,0,0,0,9.37472747885236,16.1511598902469,0,0,0,0,8.49657776728817,0,0,0
"ARR",0,0,0,0,0,0,0,0.677590242700505,0,0,0,0,0,0,0,0,0.704806782254979,0,0,0,0,0,0,0,0,0,0,0,0,0,0
"SULI",33.5576373312222,92.194977342989,598.47163811673,444.979785390765,809.854465899363,144.331919276133,757.352362462943,439.386472834791,609.880260988026,304.925031236984,341.38639224433,379.202689721422,79.4834962853127,363.470785370829,529.763679737588,122.557619018813,389.979661289998,769.564996442728,230.747471890248,561.943520959914,598.876404494382,1107.96197784948,698.085557495635,346.768535975797,591.662318948597,659.598713021718,420.337860218615,344.435921642672,216.520109557446,53.0757272929158,272.767751127998
"TET32",0,0,97.1381680172325,10.3504878864334,135.229398522464,0,89.1203400057717,12.1144922179787,39.9010539901054,136.765930862141,0,0,1.46734009854347,32.6145028898927,23.5388400178918,0,11.236633842808,24.0369956296372,23.8844494731631,0,0,94.0524984738816,79.6956847094038,0,0,0,0,95.2029738022186,0,0,0
"TETM",90.4106375804489,81.2687926142379,93.8814237357678,0,187.894353023241,42.0048552021775,57.4546790146129,0.677590242700505,427.296192729619,86.8388171595169,52.7791886579953,0.353910713382881,57.8286455678606,279.882461508573,65.901297152229,108.52338031577,0,14.8643154792154,101.63708365745,50.8043868699606,12.5324114088159,69.7654137961106,181.809678223996,165.924935326873,32.9432809122755,57.4671552417553,25.405763497847,112.284635355204,143.337657969343,0,366.718119211589
"TETW",87.522540352729,827.764367085927,522.617704379936,227.148372191993,606.392085988776,486.280375665138,551.355038434294,282.780994620344,362.461461246146,1060.33944189921,441.711017379591,185.095303099247,294.750011584264,388.289863519355,330.60608319666,1110.09618292904,261.644414909684,461.454416099197,340.852839261721,385.188581909893,1154.53759723423,772.564751024679,658.611873285108,205.539965799974,417.306402325408,300.630083117347,655.879430274926,607.475808354968,272.788429196098,2700.64401510104,426.739491807172
"TET40",12.5199747841257,195.273789861517,209.431736588368,12.7063258047846,235.961825042011,158.701356023638,237.662985019807,79.6887191491109,96.436509643651,424.979175343607,154.406731002805,17.0256332473836,47.6344933042954,92.3065714702026,92.6271060086477,425.564091706491,72.0312531464589,172.807195853237,132.94675058341,121.670679047728,289.887640449438,238.161681346472,269.393863806435,30.4950234577104,3.99990062358699,61.8687997140048,227.625041404439,252.80269058296,24.3621161885541,0,58.8933744953693
"TET31",11.0832563662752,0,11.8217253051595,0,0,0,0,0,0,0,0,0,8.3097786633304,0,0,0,0,0,0,0,0,0,4.08455974058369,0,0.596258478050235,0,0,0,207.67863149296,0,123.78294941819
"TET38",0,0,4.35942147912606,0,4.15358762167475,0,6.24393315318624,0,0,5.31028738025823,0,0,0,0,0,0,0,3.86218111596707,0,0,0,5.18880265108572,10.1334497380893,0,0,0,0,5.13334906773661,0,0,0
"TET44",0,0,9.35993435224125,0.9119372587166,0,0,0,0,6.47092564709257,10.5685131195335,0,0.720461095100865,0,0,0.577754584762189,0,0,0,1.39664804469274,3.66846268485613,0,0,11.8795210775755,0,0,0,0,13.8659428841161,3.31555427418192,0,0
"TETG",0,35.4042264854106,154.297876705303,0,97.7519896001776,0,158.538185061783,0,5.05485050548505,120.939192003332,0,0,64.7328668736389,1.04424692797125,0,0,0,0,0.618768121066403,0,11.6681071737252,234.368186971309,143.146669992517,0.252115578550445,0,0,0,154.56101014869,0,0,0
"TETL",65.0774801718198,32.1433108880701,43.0044107087906,0,25.3654205903802,48.8217552291508,88.0971744890731,0,43.6115293611529,85.0687213660975,6.07291919704967,0.56878507507963,49.6733237570085,24.7947933362475,0,1.99624947069143,0,3.4302266490497,85.7789406689767,19.6415606251672,24.4598098530683,27.426528298596,63.419805437765,2.37865567588898,35.9494174057787,1.40763249620163,1.88804239814508,41.2733065848478,29.7438854451973,4.66355762824784,223.699833768701
"TETO",32.8099573382592,308.431796044552,238.126987383321,25.1694683405782,338.374710675671,119.271229248915,275.047878899179,77.5943493080366,140.603714060371,496.876301541025,173.177572157322,19.8189999494413,73.1816567041997,152.557190732916,81.9666020575518,285.100719859658,76.4816045429831,151.971745096046,119.280814652429,123.409377507738,357.303370786517,348.652655446063,325.174607133949,23.2275178673214,43.750465826936,51.8813120028599,233.653527658165,280.416568326646,32.675027629619,201.421274705752,171.66350035621
"TETQ",137.485156353081,583.068648625757,375.089752795158,126.607289418488,459.653127873427,267.918883793924,373.953878846709,225.658083856926,154.889940488994,728.915035401916,290.528454386856,119.053036048334,172.21939051326,329.447763368789,232.946921127181,576.916097029823,223.866771380817,311.845716028052,222.402941800438,218.904046772899,455.056179775281,578.834917589605,456.161137440758,54.9721576708905,3.9750565203349,186.455447314327,425.770122557138,418.426953032806,124.789774638412,7.77259604707972,163.055093801947
"TETS",0.79166116901966,0,14.0527233562417,0,23.2727733916738,0,24.9232625862476,0,0,30.716368179925,0,0,0,0,0,0,0,14.8643154792154,0.353581783466516,0,0,29.6066974797244,32.2711399351459,0,0,0,0,27.9088978050507,35.8944788813608,20.6528980679547,85.5200664925196
"TETX",0,0,99.702533593189,0,90.2374837502774,49.18957357593,90.4320906682058,0,1.02172510217251,97.6155768429821,0,0,0,81.25698188353,82.917101535709,6.89613453511584,0,1.77863604024799,56.5377271762959,6.4771294279491,32.0656871218669,99.4593180430801,112.434522324769,0.427500328846407,0,0,0.331235508446505,107.092282275195,171.495843544279,0,121.705058180955
"TETJ",0,0,0,0,0,0,0,0,0,0,0,0,0,0,0,0,0,0,0,0,0,1.74413534490276,0,0,0,0,0,0,0,0,0
"TETY",0.161264312207708,0,10.0010257462304,0,3.4560385554393,0,0.787050397460451,0,0,1.56184922948771,0,0,0,0.315702559619214,0,3.690036900369,0,0,0,0,0,0,0.467697680219506,0.120577015828474,0,0,0,1.5341043190937,0,0,0
"DFRD",0,0,0,0,0.221947430165826,0,0,0,0,0,0,0,0,0,0,0,0,0,0,0,0,0,0,0,0,0,0,0,0.912978713180529,0,37.3723581097127
"DFRG",0,0,0,0,0,0,0,0,1.16512511651251,0,0,0,0,0,0,0,0.140961356450996,0,0,0.305705223738011,0,0,0,0,0,0,0,0,0,0,0.148420802659701
